subjectID,wave,ROC1,ROC2,ROC3,ROC4,SST1,WTP1,WTP2,WTP3,WTP4
DEV001,1,2.1,2.1,2.1,2.1,0.5,1.1,0,0,0
DEV004,1,0,1.4,0,0,1,0,0,0,0
DEV005,1,1.4,0.7,0,0,2.4,6.5,0,0,1.1
DEV006,1,0.7,0,0,1.4,10.8,0,1.1,0,1.1
DEV007,1,5.7,2.1,7.1,5,5.2,NA,NA,NA,NA
DEV008,1,0,0,7.8,5,0,0,0,0,0
DEV009,1,0,0,0.7,3.5,0.9,1.1,0,1.1,2.2
DEV010,1,0.7,0,0,0,0,2.2,0,0,0
DEV011,1,0,12.8,10.6,18.4,1.4,2.2,11.8,15.1,24.7
DEV012,1,2.8,2.8,2.8,2.1,1.4,2.2,4.3,0,0
DEV013,1,5.7,5,2.8,5,2.8,6.5,5.4,0,4.3
DEV014,1,0,0,0.7,0,0,1.1,0,0,0
DEV015,1,0.7,3.5,2.1,0,0.5,0,0,1.1,0
DEV016,1,0.7,3.5,0.7,2.1,0.5,2.2,0,0,0
DEV017,1,0,0,0,0,0,0,0,0,0
DEV018,1,2.8,4.3,1.4,1.4,2.4,0,0,0,0
DEV019,1,0,0,1.4,0,0,0,0,0,0
DEV020,1,19.1,34,31.2,29.8,5.2,45.2,31.2,28,39.8
DEV021,1,0,0,0,0.7,0,0,0,0,0
DEV022,1,0.7,9.2,3.5,8.3,5.2,3.2,0,0,3.2
DEV023,1,0,0,0.7,0,0,1.1,0,0,2.2
DEV024,1,0,0,0,0,0,0,0,0,0
DEV025,1,0,1.4,0,2.1,0.5,1.1,0,0,0
DEV026,1,0,0,0,0,0,0,0,0,0
DEV027,1,1.4,0.7,1.4,0,0,0,0,0,0
DEV028,1,0,2.8,0.7,2.8,0,14,5.4,5.4,7.5
DEV029,1,2.8,2.1,14.9,2.1,0.5,1.1,5.4,4.3,5.4
DEV030,1,0,0,2.8,0,0,0,0,0,0
DEV031,1,0,0,0,0,0,0,0,0,0
DEV033,1,0,6.4,6.4,1.4,1.4,0,3.2,0,0
DEV034,1,0,0,0,0,0,0,0,0,0
DEV035,1,0,0,0,0,0,0,0,0,0
DEV036,1,0,0,0,0,0,0,0,0,0
DEV037,1,12.1,8.5,NA,2.8,1.4,3.2,3.2,3.2,6.5
DEV038,1,1.4,0,0,0,0.5,0,0,4.3,0
DEV039,1,1.4,2.8,5.7,5,0,1.1,0,1.1,0
DEV040,1,0,0,0,1.4,3.3,8.6,4.3,4.3,4.3
DEV041,1,0,0,0,0,0,0,0,0,0
DEV042,1,2.1,5,7.8,16.3,0,0,5.4,8.6,1.1
DEV043,1,0,6.4,0,0,0.9,0,0,0,0
DEV044,1,0,0,0,0,0,0,0,0,0
DEV045,1,0,0,0.7,0.7,0,0,0,0,0
DEV046,1,0,0,0,0,4.7,3.2,0,0,3.2
DEV047,1,2.1,4.3,11.3,16.3,1.4,9.7,7.5,14,11.8
DEV048,1,0,1.4,0.7,NA,0,0,0,31.2,0
DEV049,1,0.7,2.8,4.3,3.5,0.5,0,0,0,1.1
DEV050,1,1.4,0,9.9,2.1,0.5,2.2,0,2.2,0
DEV051,1,0,0,0,0,0,0,0,0,0
DEV052,1,0,0.7,0,4.8,0,0,0,0,2.2
DEV053,1,0,0,0.7,0,2.4,1.1,0,1.1,0
DEV054,1,0,2.1,1.4,1.4,0,0,2.2,0,4.3
DEV055,1,8.5,12.1,13.5,20.6,15.6,2.2,0,0,5.4
DEV056,1,0,3.5,5,4.3,1.4,0,4.3,0,0
DEV057,1,0,0,0,0,0.5,0,0,0,0
DEV058,1,0,0,0,0,0,1.1,1.1,0,0
DEV059,1,0,0,0,0.7,1.9,0,3.2,7.5,7.5
DEV060,1,0,0,4.3,2.1,0,0,0,5.4,2.2
DEV061,1,0,0,0,0,NA,0,0,0,0
DEV062,1,0,0.7,2.8,3.5,0,0,0,1.1,0
DEV063,1,0.7,0,0.7,0.7,0,9.7,6.5,14,11.8
DEV064,1,0,0.7,0,1.4,2.4,10.8,2.2,1.1,1.1
DEV065,1,0,0,0,0,0,0,0,0,0
DEV066,1,2.1,11.3,5.7,7.1,0.5,0,0,5.4,2.2
DEV067,1,7.8,4.3,3.5,14.9,19.8,10.8,8.6,14,16.1
DEV068,1,0,2.8,4.3,0.7,0.5,0,0,0,0
DEV069,1,1.4,0.7,0,1.4,0.5,20.4,6.5,2.2,5.4
DEV070,1,1.4,3.5,2.1,1.4,1.9,1.1,1.1,0,2.2
DEV071,1,0,0,0,0,1.4,0,0,0,0
DEV072,1,0,0,0,0,0,0,0,0,0
DEV073,1,0.7,0,1.4,0,0,0,0,0,0
DEV074,1,0,0,0,0,0,0,0,0,0
DEV075,1,0,0,0,0,0,1.1,0,1.1,0
DEV076,1,0,0,0,0,0,0,0,0,0
DEV077,1,0,0,0,0,0,0,0,0,0
DEV078,1,2.1,0,7.8,6.4,0.9,8.6,7.5,20.4,23.7
DEV079,1,0,0,0,0,0,0,0,0,0
DEV080,1,6.4,0,0.7,0,1.4,2.2,2.2,0,0
DEV081,1,0,0,0,0,0,0,0,0,0
DEV082,1,7.1,4.3,1.4,0.7,0.5,4.3,2.2,3.2,NA
DEV083,1,0,0,0,0,0,0,0,0,0
DEV084,1,0,0,0,0,0,0,0,0,0
DEV085,1,0,0,2.1,0,0,0,0,0,0
DEV086,1,0,0,0,0,0,3.2,3.2,3.2,0
DEV087,1,4.3,1.4,0.7,1.4,0,0,0,1.1,0
DEV088,1,0,0,2.1,0,0,0,3.2,0,0
DEV089,1,9.2,5.7,6.4,3.5,4.7,4.3,5.4,2.2,6.5
DEV090,1,0,0,0,0,2.8,0,0,2.2,0
DEV091,1,0,0,0,0,0,0,0,0,0
DEV093,1,0,0,0,0,0,0,0,0,0
DEV094,1,0,0,0,NA,0,0,0,0,0
DEV095,1,1.4,2.1,0.7,3.5,0.5,0,0,0,0
DEV096,1,2.1,0,1.4,1.4,0.9,0,0,0,2.2
DEV097,1,0,0,0,0,0,0,0,0,0
DEV098,1,0,0,NA,NA,4.3,0,0,0,0
DEV099,1,0,3.5,5,2.1,0,0,0,0,0
DEV100,1,9.9,7.1,NA,14.2,2.8,6.5,1.1,6.5,6.5
DEV101,1,7.1,4.3,4.3,4.3,4.7,4.3,5.4,10.8,3.2
DEV102,1,2.1,1.4,6.4,3.5,4.7,10.8,5.4,2.2,2.2
DEV103,1,0,0,0,0.7,0,0,0,0,0
DEV104,1,0,0,0.7,0,0,0,0,0,0
DEV105,1,0,0,0.7,0,0.5,0,0,4.3,1.1
DEV106,1,0,0,4.3,1.4,0,0,1.1,0,NA
DEV107,1,0,0,2.8,0,0.9,0,0,0,0
DEV108,1,0,0,0,0,0,0,0,0,0
DEV109,1,0,0,0,0,0,0,0,0,0
DEV110,1,0,0,0.7,0,0,2.2,0,0,0
DEV111,1,0,0,0,0,0,3.2,0,0,0
DEV112,1,0,0,0,0,0,0,0,0,0
DEV113,1,0.7,0,0,0,0.5,6.5,3.2,0,0
DEV114,1,0,0,0,0,0,0,1.1,0,0
DEV115,1,0,0,0,0,0,0,0,0,0
DEV116,1,0.7,3.5,2.8,5,0,0,5.4,2.2,0
DEV117,1,1.4,5,6.4,5.7,0,2.2,0,0,3.2
DEV118,1,0,0.7,6.4,6.4,2.4,1.1,0,NA,2.2
DEV119,1,1.4,0,0.7,0.7,0,0,1.1,0,0
DEV120,1,0,0,0,0,0,0,0,0,0
DEV121,1,0,0.7,0,0,0.5,0,0,0,2.2
DEV122,1,0,0,2.1,1.4,0,0,0,3.2,0
DEV123,1,4.3,3.5,5,12.1,9,14,2.2,1.1,4.3
DEV124,1,0,0,0,0,0,0,0,0,0
DEV126,1,0.7,0,0.7,0,0,1.1,3.2,0,4.3
DEV127,1,5,1.4,0.7,0.7,0.5,0,0,0,0
DEV128,1,0,0,0.7,0.7,0,0,1.1,1.1,2.2
DEV129,1,1.4,2.1,0,0,0,0,0,0,2.2
DEV130,1,0,0,4.3,12.8,0.5,0,0,0,0
DEV131,1,1.4,0.7,2.1,0.7,0.9,0,0,0,0
DEV132,1,0.7,2.1,7.1,9.9,0.5,2.2,0,7.5,2.2
DEV133,1,0,0,0,0,2.4,0,0,0,0
DEV134,1,0,0,0,0,0,0,0,0,0
DEV135,1,1.4,0,0,0,2.8,1.1,0,0,0
DEV137,1,0.7,2.8,5,4.3,0.9,0,3.2,0,0
DEV138,1,0,0.7,2.1,3.5,1.9,2.2,2.2,3.2,5.4
DEV139,1,0,0,0.7,3.5,0,0,1.1,2.2,0
DEV140,1,0.7,0.7,0,0,0,5.4,0,0,0
DEV141,1,0,0,0,0,0,0,0,0,0
DEV143,1,4.3,1.4,2.8,2.1,7.1,10.8,7.5,4.3,8.6
DEV144,1,0.7,3.5,0.7,1.4,0,0,2.2,1.1,0
DEV145,1,2.8,0.7,11.3,0,13.7,0,2.2,2.2,2.2
DEV147,1,0,0,4.3,0,0,0,0,0,0
DEV149,1,0,0.7,0,0,1.4,0,0,1.1,0
DEV150,1,1.4,1.4,1.4,0.7,0,1.1,0,0,3.2
DEV151,1,12.1,19.1,45.4,35.5,5.2,17.2,23.7,7.5,26.9
DEV154,1,1.4,0,0,NA,0,0,1.1,3.2,0
DEV155,1,0,0,0,1.4,0,0,0,0,0
DEV156,1,0,0,0,0,2.8,0,0,0,0
DEV157,1,0,0,0,0,0,0,0,0,0
DEV158,1,1.4,0.7,2.8,3.5,1.4,0,2.2,0,4.3
DEV159,1,0,0,0,0.7,0,0,0,0,0
DEV161,1,0.7,0,2.1,0.7,0.5,0,2.2,0,0
DEV163,1,4.3,6.4,0,0,0.5,0,0,0,0
DEV164,1,0,1.4,0,0,0,2.2,0,0,0
DEV166,1,1.4,2.8,2.1,5.7,15.6,0,1.1,5.4,3.2
DEV167,1,0,1.4,5,10.6,3.3,8.6,3.2,1.1,30.1
DEV168,1,2.8,0.7,0,0.7,1.9,1.1,1.1,2.2,0
DEV169,1,1.4,0,1.4,0,1.4,1.1,0,0,0
DEV170,1,0,0.7,0,2.1,0.9,0,0,0,0
DEV171,1,0,0,0.7,2.1,0,0,1.1,0,0
DEV172,1,1.4,1.4,3.5,6.4,7.5,3.2,14.9,5.4,1.1
DEV173,1,NA,0,0,0,0,0,0,0,0
DEV174,1,7.8,19.9,7.8,11.3,5.7,10.8,9.7,10.8,2.2
DEV176,1,0,0,0,0,0,0,0,0,0
DEV177,1,0,0,0.7,0.7,0,0,0,0,0
DEV178,1,0,0,0,0.7,1.4,0,3.2,3.2,2.2
DEV179,1,0,0,0,0,0,0,1.1,0,0
DEV180,1,0,1.4,2.8,0,0.5,4.3,2.2,2.2,1.1
DEV181,1,0,1.4,0,0,NA,0,0,0,2.2
DEV182,1,0,0,0,0,0,0,0,0,0
DEV183,1,0.7,0,0.7,0,0,0,0,0,0
DEV185,1,1.4,3.5,2.1,2.1,0.9,2.2,0,3.2,1.1
DEV186,1,2.1,2.8,0,1.4,0,1.1,0,0,0
DEV187,1,0,2.1,0,0,0,5.4,2.2,0,0
DEV188,1,5,0,0,0,0,0,0,0,0
DEV189,1,1.4,5.7,0,5,1.9,10.8,20.4,12.9,22.6
DEV190,1,3.5,0,0,0,0.5,1.1,1.1,1.1,2.2
DEV191,1,6.4,2.1,5.7,1.4,9,4.3,5.4,3.2,0
DEV192,1,0,0,0,NA,0,2.2,0,0,0
DEV193,1,5,0,0,0,0,2.2,2.2,2.2,2.2
DEV194,1,0,0,0,1.4,0.9,1.1,0,0,0
DEV195,1,0,0,0,0,0,1.1,0,0,0
DEV196,1,4.3,7.1,0.7,1.4,3.8,0,2.2,3.2,0
DEV197,1,0,0,0,0,0.9,0,0,0,0
DEV198,1,1.4,0,0.7,1.4,0.9,0,0,0,0
DEV199,1,0,0,0,0,0,0,0,0,0
DEV200,1,2.8,1.4,5,2.1,1.4,0,0,NA,3.2
DEV201,1,10.6,8.5,2.1,1.4,0.5,0,5.4,3.2,0
DEV202,1,0,0,0,1.4,0,0,1.1,0,3.2
DEV203,1,1.4,0.7,1.4,2.1,0,7.5,6.5,2.2,1.1
DEV204,1,1.4,0,8.5,1.4,0.5,0,0,0,0
DEV205,1,0,0,0,0,0,0,0,0,0
DEV206,1,0,2.1,0,0,0,0,0,0,0
DEV207,1,0,0,0,0,0,0,0,NA,NA
DEV208,1,0,0,0,0,0,0,0,2.2,0
DEV209,1,9.9,2.1,5,3.5,1.4,2.2,6.5,4.3,5.4
DEV210,1,0.7,0,0,1.4,5.7,0,0,0,0
DEV211,1,0,0,0,1.4,0,0,0,0,0
DEV215,1,2.8,0.7,0,0,0,2.2,0,0,0
DEV216,1,0,2.1,2.8,4.3,4.2,0,0,0,0
DEV217,1,0,0,0,0,0,0,0,1.1,0
DEV218,1,0,0,0,0,0,0,0,0,0
DEV219,1,0.7,1.4,0,2.1,1.9,0,0,1.1,0
DEV220,1,0,0,0,1.4,0,1.1,0,0,0
DEV221,1,3.5,1.4,NA,NA,NA,0,0,0,0
DEV222,1,0,0,0,0,0,1.1,2.2,2.2,0
DEV223,1,0,0,0,0,0,2.2,3.2,0,0
DEV224,1,0,0,0.7,1.4,0,0,2.2,1.1,0
DEV225,1,0,0,0,0,0,0,0,0,3.2
DEV227,1,1.4,1.4,6.4,9.2,0.9,0,4.3,1.1,1.1
DEV228,1,0,0,2.8,1.4,0.9,1.1,2.2,1.1,1.1
DEV230,1,0,0,0,0,0,0,0,0,0
DEV231,1,0,2.8,5.7,9.9,0,1.1,4.3,1.1,5.4
DEV232,1,0,1.4,0,0.7,0,0,0,0,0
DEV233,1,0,0.7,0.7,0.7,0,0,2.2,0,2.2
DEV234,1,0.7,0,0,0,0,0,0,0,0
DEV235,1,0,0,0,0,0,0,0,0,0
DEV236,1,0,0,0,0,0,2.2,0,0,0
DEV237,1,2.1,0,0.7,0.7,1.9,3.2,6.5,6.5,4.3
DEV238,1,0,0,0.7,0,0,1.1,1.1,1.1,0
DEV239,1,0,0,0,0.7,0,0,0,0,0
DEV240,1,0,0,0,0,0,0,1.1,0,0
DEV241,1,0,1.4,0.7,0.7,1.4,0,1.1,1.1,3.2
DEV243,1,2.1,0,0,0,0.9,0,0,0,1.1
DEV244,1,0.7,1.4,0,0,0.5,0,0,0,0
DEV246,1,0.7,2.1,3.5,0.7,0.5,0,0,1.1,1.1
DEV247,1,1.4,0,0,0,0,0,0,0,0
DEV249,1,0,0,0,0,0,0,1.1,0,0
DEV250,1,3.5,0,9.2,0,0,0,0,0,2.2
DEV251,1,0,0,0,0,0,0,0,0,0
DEV252,1,0,1.4,1.4,1.4,0,0,0,0,0
DEV253,1,9.2,3.5,16.3,2.1,6.1,14,7.5,19.2,NA
DEV254,1,0,0,0,0,0.5,0,0,0,0
DEV255,1,0,0,0.7,0,0.5,0,0,0,0
DEV256,1,0.7,0.7,0,0,0,0,0,0,0
DEV257,1,0,0.7,1.4,0.7,0,0,0,0,0
DEV258,1,0,0,0.7,0,0,0,0,0,0
DEV259,1,0,0,0,0,0,0,0,0,0
DEV260,1,0,0,0,0,0,1.1,0,0,2.2
DEV261,1,0,0.7,0,0.7,0,0,0,0,0
DEV262,1,2.8,0,0,2.1,0.5,2.2,0,0,0
DEV263,1,2.8,2.8,0,1.4,2.8,0,0,0,4.3
DEV264,1,0,0,0,0,0,0,0,0,0
DEV265,1,0,0,0,0,0,0,0,0,0
DEV266,1,2.8,7.1,8.5,2.1,2.8,2.2,0,1.1,2.2
DEV267,1,1.4,0,0,0,12.7,16.1,3.2,2.2,2.2
DEV268,1,0,0,2.8,0.7,0.9,0,0,0,0
DEV269,1,0,3.5,2.8,4.3,0,0,0,0,0
DEV270,1,3.5,2.1,4.3,2.8,3.3,3.2,4.3,2.2,5.4
DEV271,1,0,0,2.8,0.7,0.5,0,0,2.2,4.3
DEV272,1,0.7,0.7,1.4,0,0,1.1,6.5,1.1,2.2
DEV273,1,4.3,7.1,10.6,7.1,2.8,6.5,0,6.5,5.4
DEV274,1,4.3,4.3,5,14.2,0.9,0,0,0,0
DEV275,1,1.4,4.3,2.8,1.4,0,0,0,0,2.2
DEV276,1,1.4,0.7,0,0,0,0,0,0,0
DEV277,1,0,0,0,0,1.9,5.4,0,9.7,5.4
DEV278,1,11.3,4.3,11.3,18.4,3.3,3.2,2.2,6.5,7.5
DEV281,1,2.1,4.3,5.7,9.2,0.9,1.1,1.1,2.2,0
DEV282,1,0,0,0,0,0,0,0,0,0
DEV283,1,0,0,0,0,0,4.3,1.1,0,0
DEV284,1,12.1,7.8,24.1,6.4,0,12.9,3.2,0,5.4
DEV285,1,0,0,0.7,0,0,1.1,1.1,0,1.1
DEV286,1,2.8,0,2.1,4.3,0,0,0,0,0
DEV290,1,1.4,0,2.8,3.5,1.4,0,2.2,0,0
DEV291,1,6.4,7.1,2.8,5.7,2.4,0,0,0,3.2
DEV292,1,NA,NA,6.4,6.4,0.5,0,0,6.5,5.4
DEV293,1,0,0,1.4,0.7,0,3.2,3.2,2.2,7.5
DEV294,1,0,0,0,0.7,0.9,0,0,0,0
DEV295,1,NA,6.4,17,27.7,0,4.3,8.6,11.8,24.7
DEV296,1,0,0,0,0,0,0,0,0,0
DEV297,1,2.1,2.1,5,9.9,2.4,0,1.1,3.2,0
DEV298,1,0,0,NA,0,0.5,1.1,0,0,0
DEV299,1,NA,0,0,0,0.5,0,0,1.1,0
DEV300,1,0,NA,0,0,0,0,NA,NA,0
DEV301,1,NA,0,1.4,1.4,0,0,0,0,0
DEV302,1,0,0,0,0,0,0,0,0,0
DEV303,1,0,NA,0,0,0,0,0,0,0
DEV304,1,5,4.3,7.8,3.5,0.5,2.2,2.2,8.6,4.3
DEV305,1,0,0,0,0,1.9,0,0,0,0
DEV306,1,0,0,0,1.4,0,0,1.1,2.2,6.5
DEV307,1,0,0,2.1,0,0,1.1,4.3,0,0
DEV308,1,0,0,0,0,0,0,0,0,0
DEV309,1,NA,NA,0.7,5.7,0.9,NA,4.3,0,8.6
DEV310,1,0,0,0,0,0,0,0,NA,0
DEV311,1,0,0,0,0.7,0,0,4.3,0,0
DEV312,1,0,1.4,0,2.1,NA,4.3,4.3,1.1,3.2
DEV001,2,1.4,2.1,1.4,0,NA,0,1.1,15.1,6.5
DEV004,2,0,0,0,0,0,0,0,0,0
DEV005,2,0,0,2.1,4.3,0.5,4.3,0,2.2,3.2
DEV008,2,3.5,11.3,18.4,12.1,0,4.3,7.5,4.3,3.2
DEV009,2,5,9.2,5.7,11.3,0,0,10.8,2.2,2.2
DEV010,2,0,0,0,0,0,0,0,0,0
DEV011,2,42.6,44.7,41.8,44.7,37.3,0,2.2,32.3,33.3
DEV012,2,1.4,0,2.1,1.4,2.4,0,0,0,2.2
DEV013,2,7.1,4.3,0,2.1,4.7,0,2.2,3.2,2.2
DEV014,2,0,0,0,0,0.5,0,0,0,0
DEV015,2,8.5,1.4,12.1,2.1,0.9,5.4,0,0,2.2
DEV016,2,0,9.2,0.7,4.3,2.4,1.1,1.1,1.1,4.3
DEV017,2,0.7,1.4,2.1,0,0,0,2.2,2.2,0
DEV018,2,3.5,0,3.5,0,0,6.5,0,0,0
DEV019,2,0,3.5,7.8,4.3,NA,1.1,3.2,3.2,4.3
DEV020,2,44.4,51.8,NA,NA,17.9,33.3,30.1,46.2,35.5
DEV021,2,1.4,0,0.7,0.7,0.9,2.2,0,0,2.2
DEV023,2,6.4,4.3,2.1,2.8,0,8.6,3.2,1.1,4.3
DEV024,2,0,0,0,0,0,2.2,3.2,0,0
DEV025,2,2.1,5.7,0,1.4,0.5,0,1.1,0,5.4
DEV026,2,0,0,0,0,0,0,0,0,0
DEV027,2,0.7,0,0,0,NA,0,0,0,0
DEV028,2,0,0,0,0.7,0,1.1,0,0,1.1
DEV029,2,0.7,1.4,0,1.4,2.8,1.1,1.1,1.1,1.1
DEV030,2,10.6,5,1.4,0,0,0,0,0,0
DEV031,2,0,0,0,0,0,0,0,0,0
DEV033,2,0,0.7,2.1,0,0,0,0,0,0
DEV035,2,0,0,0,0,0,0,0,0,0
DEV036,2,0,0,0,0,0,0,0,0,0
DEV038,2,0,0,0,0,0,0,0,0,0
DEV039,2,3.5,7.1,17,8.5,0,0,0,0,5.4
DEV040,2,0,0,0,4.3,2.8,1.1,12.9,9.7,10.8
DEV041,2,0,0,0.7,0,0,0,7.5,4.3,0
DEV042,2,2.1,0,1.4,2.8,0,0,1.1,2.2,5.4
DEV043,2,2.1,1.4,4.3,0,0.5,0,3.2,1.1,0
DEV044,2,0,0,0,0,0,0,0,0,0
DEV046,2,0,0,NA,0,0,0,0,0,2.2
DEV047,2,15.6,6.4,13.5,9.9,0,4.3,14,2.2,1.1
DEV048,2,6.4,14.9,6.4,5.7,0.9,4.3,6.5,5.4,11.8
DEV049,2,0.7,5,2.8,3.5,0.9,0,0,8.6,1.1
DEV050,2,0,0,0.7,0,0,0,0,0,0
DEV051,2,0,0,0.7,0,0,0,0,0,0
DEV052,2,0,0,0,0,1.9,0,0,0,2.2
DEV053,2,0,0,3.5,0.7,0,2.2,0,0,0
DEV054,2,0,0,0,0,0,1.1,0,0,0
DEV055,2,6.4,2.8,17,15.6,5.7,10.8,4.3,6.5,12.9
DEV056,2,1.4,5.7,1.4,11.3,0,0,0,2.2,0
DEV057,2,0,0,0,0,0,0,0,0,0
DEV058,2,0,0,NA,0.7,0.9,2.2,0,0,0
DEV059,2,0,1.4,0,0,0,2.2,2.2,0,0
DEV060,2,2.8,0,0,1.4,0,0,1.1,4.3,1.1
DEV061,2,0,1.4,1.4,0,NA,0,0,0,0
DEV062,2,0,5,0,1.4,0.5,0,0,0,0
DEV063,2,2.1,9.9,22.7,28.4,9.4,12.9,12.9,11.8,12.9
DEV064,2,3.5,0.7,2.1,2.1,0.5,2.2,2.2,0,0
DEV065,2,0,0,0,0,0,0,0,0,0
DEV066,2,6.4,5,15.6,3.5,0.9,11.8,5.4,3.2,12.9
DEV067,2,2.1,0,3.5,0.7,4.2,58.1,6.5,0,0
DEV068,2,0,0,0,0,0,0,0,0,0
DEV069,2,1.4,0,0,0.7,1.4,0,4.3,4.3,0
DEV070,2,1.4,1.4,0.7,0,0,0,0,0,1.1
DEV071,2,0,0,0,0,0,0,0,0,0
DEV072,2,2.1,0.7,0,0,0.5,0,8.6,0,0
DEV073,2,0,0,0.7,0,0,0,0,0,0
DEV074,2,0,0,0,0,0,0,0,0,0
DEV075,2,0,0,3.5,1.4,0,2.2,0,4.3,4.3
DEV076,2,0.7,0.7,0,0,0,0,0,0,0
DEV077,2,2.1,0.7,0,0,0,0,0,0,0
DEV078,2,4.3,2.8,3.5,2.1,0.9,6.5,12.9,8.6,6.5
DEV079,2,0,0,0,0,0,0,0,0,0
DEV081,2,0,0,0,0,0,0,0,0,0
DEV083,2,0,0,0,0,0,0,0,0,0
DEV084,2,0,0,0,0,0,0,0,0,0
DEV085,2,5,5,0,3.5,0.9,1.1,6.5,2.2,0
DEV086,2,0,0,0.7,12.1,0,0,0,4.3,1.1
DEV087,2,1.4,2.1,2.8,1.4,0,0,0,0,0
DEV088,2,0.7,0,2.8,2.1,0,3.2,4.3,3.2,5.4
DEV089,2,0,0,0,0,0,0,0,0,0
DEV090,2,12.1,3.5,0.7,4.3,8,3.2,5.4,1.1,4.3
DEV091,2,0,0,0,0,0.5,2.2,1.1,0,0
DEV093,2,0,0,0,0,0,0,0,0,0
DEV094,2,0,0,0,0,0,0,0,0,0
DEV096,2,0,0,0,0.7,0,0,0,0,0
DEV097,2,0,0,0,0,0,0,0,0,0
DEV098,2,0,0,0,0,0.5,0,0,0,0
DEV099,2,19.1,16.3,22,26.2,15.6,24.7,26.9,22.6,26.9
DEV100,2,5,5,22.7,12.8,0.9,4.3,3.2,1.1,1.1
DEV101,2,25.5,28.4,20.6,22,20.8,8.6,12.9,11.8,7.5
DEV102,2,0,0,0,0,0.9,0,0,0,0
DEV103,2,0,2.8,0.7,1.4,0,0,0,0,0
DEV104,2,0,0,0,0,0,0,0,0,0
DEV107,2,0,0,0,0.7,0,0,0,0,0
DEV108,2,0,0,0,0,0,0,0,0,0
DEV109,2,0,0,0,0,0,0,0,0,0
DEV110,2,0,0,0,0,0.5,0,1.1,2.2,4.3
DEV112,2,0,0,2.1,0,0,0,2.2,0,0
DEV113,2,0,0,0,0,0,0,0,0,0
DEV114,2,0,0,0,0,0,0,0,0,0
DEV115,2,0,0,0,0,0,0,0,0,0
DEV116,2,4.3,2.8,7.1,5,0,22.6,11.8,14,12.9
DEV117,2,4.3,0.7,1.4,10.6,3.8,2.2,3.2,5.4,9.7
DEV118,2,7.1,7.8,20.6,17.7,0.5,0,3.2,4.3,0
DEV119,2,1.4,1.4,0,0,0.9,0,0,0,0
DEV120,2,0,0,0,1.4,0,0,0,2.2,0
DEV121,2,0,2.1,0,0.7,1.4,0,0,2.2,1.1
DEV122,2,0.7,1.4,2.1,0,0.9,2.2,1.1,3.2,9.7
DEV124,2,0,0,0,0,0,0,0,0,0
DEV126,2,2.1,0,2.1,0,0,0,0,4.3,3.2
DEV127,2,0,0,1.4,0.7,0.9,0,1.1,1.1,0
DEV128,2,0,0.7,1.4,0.7,0,2.2,5.4,1.1,3.2
DEV129,2,0,3.5,2.1,0.7,0,2.2,0,0,0
DEV130,2,0,0,0.7,22,0,0,0,0,0
DEV132,2,5.7,7.1,1.4,0,4.2,5.4,8.6,7.5,2.2
DEV134,2,0,7.1,0,2.1,0,1.1,3.2,0,0
DEV135,2,0.7,1.4,0,0.7,0,0,0,0,0
DEV137,2,6.4,2.8,8.5,1.4,2.8,0,0,4.3,6.5
DEV138,2,0,1.4,0.7,2.1,2.8,3.2,3.2,2.2,3.2
DEV139,2,0,0,0,0,0,0,0,0,0
DEV140,2,0,1.4,0.7,0,2.8,0,0,0,0
DEV141,2,2.1,0.7,4.3,2.1,0,0,0,0,0
DEV143,2,5.7,2.1,1.4,3.5,5.7,10.8,11.8,3.2,17.2
DEV144,2,0,0,0,1.4,1.4,0,0,0,5.4
DEV145,2,2.1,4.3,3.5,1.4,4.7,1.1,2.2,3.2,2.2
DEV147,2,0,0,0,0,0,0,0,0,0
DEV149,2,0,2.1,3.5,3.5,9.9,4.3,6.5,10.8,6.5
DEV150,2,0,0,1.4,1.4,0,0,6.5,0,1.1
DEV151,2,9.2,15.6,31.2,26.2,1.4,19.4,5.4,22.6,23.7
DEV154,2,2.1,2.1,0.7,0.7,1.4,0,0,0,0
DEV155,2,0,0,0,0,0,0,0,0,0
DEV156,2,0,0,0,0,0.5,0,0,0,0
DEV157,2,0,0,0,0,0,2.2,0,0,0
DEV158,2,8.6,17.7,20.6,14.2,1.4,5.4,5.4,3.2,6.5
DEV159,2,0,0,0,0,0,0,0,0,0
DEV161,2,0.7,0,0,1.4,0,2.2,0,1.1,0
DEV163,2,0,0,0,1.4,0,4.3,0,3.2,2.2
DEV164,2,1.4,0.7,2.1,1.4,0,0,0,0,0
DEV167,2,0,0,2.1,8.3,2.8,0,5.4,1.1,1.1
DEV177,2,1.4,0,4.3,0.7,0,0,0,0,0
DEV178,2,1.4,0,0,0,0,0,0,0,0
DEV179,2,0,0,0,2.1,0,0,0,0,0
DEV180,2,0.7,0.7,0.7,5,0,3.2,2.2,2.2,0
DEV181,2,0,0,0,1.4,0,0,1.1,0,0
DEV182,2,0,0,0,0,0,0,0,0,0
DEV183,2,0,0,0,0,0,0,0,0,0
DEV185,2,2.8,10.6,6.4,14.9,1.9,7.5,11.8,0,6.5
DEV186,2,3.5,2.8,0.7,7.8,0,0,0,0,1.1
DEV187,2,0,0,0,2.1,0.5,1.1,0,0,0
DEV188,2,0,0,0,1.4,0,0,0,0,0
DEV189,2,6.4,2.1,0,0,0.9,3.2,1.1,5.4,11.8
DEV190,2,3.5,2.1,12.1,14.2,0.5,12.9,2.2,10.8,10.8
DEV191,2,1.4,0,1.4,1.4,5.2,2.2,1.1,1.1,0
DEV192,2,0,0.7,0,0,0,0,0,0,0
DEV193,2,1.4,0.7,1.4,0,0,0,2.2,0,0
DEV194,2,0,0,0,0,0,0,0,0,0
DEV195,2,0,0,0,5,6.1,0,1.1,1.1,0
DEV196,2,3.5,3.5,0,1.4,3.3,0,0,1.1,0
DEV197,2,0,0.7,1.4,0,1.9,4.3,1.1,0,3.2
DEV198,2,9.2,12.8,5.7,0.7,0.5,2.2,0,0,0
DEV199,2,0,0,0,0,0.9,0,0,0,0
DEV200,2,2.1,3.5,4.3,3.5,1.4,0,0,0,2.2
DEV201,2,12.1,2.8,12.8,5.7,7.1,10.8,15.1,7.5,8.6
DEV203,2,5,1.4,1.4,2.8,7.5,5.4,0,3.2,3.2
DEV204,2,0.7,2.1,2.1,1.4,0.9,4.3,0,0,0
DEV205,2,0,0,0,0,0,0,0,0,0
DEV206,2,0.7,0,0.7,0,0,0,0,0,0
DEV207,2,0,0,0.7,0,NA,0,0,1.1,1.1
DEV208,2,0,0,0,0,0,1.1,0,2.2,0
DEV209,2,0,0,2.1,12.1,0,0,0,0,0
DEV210,2,0.7,0,0.7,0.7,0.9,0,0,0,0
DEV211,2,0,0.7,0,1.4,0,0,0,0,0
DEV215,2,0,0,1.4,0,0,0,1.1,0,2.2
DEV216,2,0.7,2.8,2.8,0.7,1.9,0,0,0,0
DEV217,2,0,0,0.7,0,0,0,0,0,0
DEV218,2,0,0,0,0,0,2.2,0,0,0
DEV219,2,0,0,1.4,2.8,0.5,2.2,1.1,4.3,1.1
DEV220,2,0,0,0,0.7,0,1.1,4.3,0,0
DEV222,2,0,0,0,0,0,2.2,0,0,0
DEV223,2,3.5,2.1,2.1,1.4,4.7,3.2,2.2,2.2,NA
DEV224,2,0,0,0,0,0,0,0,0,0
DEV225,2,0,0,0.7,2.1,0,2.2,0,0,0
DEV228,2,0,0,0,0,0,1.1,0,0,0
DEV230,2,0,0,0,0,0,0,0,0,0
DEV231,2,5,0.7,1.4,0,0,0,0,1.1,0
DEV232,2,0.7,1.4,2.1,0,0,0,4.3,0,0
DEV233,2,2.8,0,0,0,0,0,3.2,0,0
DEV234,2,0,0.7,0,2.8,0,0,0,0,0
DEV235,2,0,0,0,0,0,0,0,2.2,0
DEV236,2,0,0.7,0,0,0,0,0,0,0
DEV237,2,0,0,2.1,1.4,0,2.2,0,NA,0
DEV238,2,0,0,0,0,0,0,0,0,0
DEV239,2,0,0,2.1,0.7,0.9,0,0,0,0
DEV240,2,0.7,0,0,0,0,0,0,0,0
DEV241,2,1.4,0,1.4,2.8,3.3,2.2,3.2,9.7,7.5
DEV243,2,1.4,1.4,0.7,2.1,1.4,1.1,6.5,0,2.2
DEV244,2,0,0,0,0,0,0,0,0,0
DEV246,2,0,0,2.8,0,0,0,2.2,0,0
DEV247,2,0,0,0,0,0.5,0,0,0,0
DEV249,2,0.7,1.4,0.7,0,0,4.3,3.2,4.3,2.2
DEV250,2,0.7,0,14.2,1.4,0.9,0,0,0,0
DEV251,2,0,0,0,0,0,0,0,0,0
DEV252,2,2.1,3.5,2.8,3.5,0,0,6.5,2.2,0
DEV254,2,0,0.7,0,1.4,0.9,2.2,2.2,2.2,1.1
DEV255,2,29.1,32.6,32.6,26.2,0,2.2,0,11.8,12.9
DEV256,2,1.4,1.4,0,1.4,1.9,0,1.1,0,0
DEV257,2,1.4,2.1,0.7,0.7,0,0,1.1,0,0
DEV258,2,0,0,0,0,0,0,0,0,0
DEV259,2,0,0,0,0,0,0,0,0,0
DEV260,2,0,0,0.7,4.3,0.9,0,1.1,4.3,2.2
DEV261,2,7.1,0,1.4,3.5,0,1.1,0,0,2.2
DEV262,2,1.4,0,0,0,0,0,0,0,0
DEV263,2,2.8,2.8,3.5,2.8,4.2,4.3,1.1,0,0
DEV264,2,0,0,0,0,0,0,0,0,0
DEV265,2,0,0.7,0,0,0.9,1.1,2.2,0,1.1
DEV266,2,9.9,6.4,4.3,6.4,0.9,9.7,14,5.4,8.6
DEV267,2,2.1,4.3,0.7,2.8,0.9,0,2.2,1.1,4.3
DEV268,2,1.4,1.4,0.7,2.8,1.4,0,0,3.2,0
DEV269,2,0,4.3,1.4,2.8,3.3,0,1.1,0,1.1
DEV270,2,0,1.4,2.1,0.7,0,0,1.1,0,0
DEV271,2,0,0,1.4,2.1,0,2.2,0,0,2.2
DEV272,2,10.6,9.9,8.5,13.5,0,5.4,6.5,0,4.3
DEV273,2,15.6,10.6,18.4,15.6,0.5,5.4,3.2,8.6,7.5
DEV274,2,0,8.5,13.5,5.7,8,0,0,4.3,10.8
DEV275,2,7.8,1.4,0.7,4.3,0.9,0,1.1,2.2,0
DEV276,2,0,0.7,0.7,0.7,0.9,0,0,0,0
DEV281,2,14.2,7.8,5,2.1,0.9,3.2,4.3,4.3,7.5
DEV282,2,0,0,0.7,2.1,0,0,10.8,2.2,9.7
DEV283,2,0,0,1.4,1.4,0,1.1,1.1,0,0
DEV284,2,18.4,7.1,5,5.7,3.8,5.4,1.1,8.6,1.1
DEV285,2,0,0,0,0,0,0,0,0,0
DEV286,2,6.4,4.3,4.3,5,0.9,0,0,0,3.2
DEV290,2,0,0,0,0,NA,0,0,0,0
DEV291,2,NA,5,2.1,5,5.7,0,2.2,2.2,5.4
DEV292,2,8.5,3.5,9.2,19.1,3.3,5.4,NA,4.3,0
DEV294,2,0,0,2.8,1.4,7.5,7.5,2.2,2.2,10.8
DEV295,2,15.6,30.5,40.4,NA,1.9,NA,NA,NA,NA
DEV296,2,0,2.8,1.4,3.5,0,0,0,0,0
DEV297,2,2.8,5,0.7,0.7,1.9,0,1.1,1.1,1.1
DEV298,2,NA,1.4,7.1,0.7,0,0,0,0,0
DEV299,2,0,0,0.7,6.4,0.5,4.3,2.2,0,0
DEV300,2,0,0,0.7,0,0,0,1.1,0,2.2
DEV301,2,1.4,NA,1.4,2.1,0,3.2,0,0,NA
DEV302,2,1.4,0,0,0,0,NA,0,0,0
DEV303,2,0,0,0,0,0,0,0,0,0
DEV304,2,1.4,0.7,2.8,5,0.9,2.2,3.2,1.1,NA
DEV305,2,NA,0,0,0,1.4,0,0,0,0
DEV306,2,0,NA,10.6,0,1.4,6.5,12.9,1.1,0
DEV307,2,0,0,0,0,0,0,0,1.1,0
DEV308,2,0,0,0,0.7,0,0,0,3.2,0
DEV309,2,3.5,14.2,11.3,NA,0,0,2.2,NA,10.8
DEV311,2,0,0,0,0,0,0,0,0,0
DEV312,2,2.8,3.5,2.1,0,1.9,2.2,3.2,1.1,2.2
DEV198,3,NA,10.6,5,2.1,NA,NA,0,0,0
DEV205,3,0,0,0,0,0,NA,0,0,0
DEV255,3,4.3,2.8,18.4,2.1,0,0,0,1.1,8.6
DEV295,3,10.6,29.8,5.7,11.3,4.2,7.5,24.7,20.4,15.1
